id,tag,usage_count
1,#animi_1,34804
2,#perspiciatis_2,22538
3,#minima_3,27895
4,#sit_4,48895
5,#ipsam_5,36080
6,#possimus_6,21688
7,#repellat_7,23066
8,#harum_8,46072
9,#porro_9,29746
10,#ducimus_10,17764
11,#quaerat_11,20104
12,#hic_12,16485
13,#nam_13,15118
14,#est_14,7917
15,#repellat_15,47280
16,#debitis_16,12631
17,#asperiores_17,20689
18,#qui_18,7845
19,#nisi_19,48695
20,#perferendis_20,35128
21,#quis_21,49960
22,#aliquid_22,45240
23,#provident_23,12143
24,#laborum_24,12562
25,#mollitia_25,14190
26,#vitae_26,48415
27,#doloribus_27,31742
28,#officia_28,18130
29,#cumque_29,47496
30,#voluptatem_30,38649
